Brand,Model,Chipset,Socket,Form_Factor,Memory_Support,Price_MAD,Availability,Stock
MSI,A520M-A PRO,A520,AM4,Micro-ATX,DDR4,700,In Stock,46
Gigabyte,A520M DS3H,A520,AM4,Micro-ATX,DDR4,650,In Stock,46
ASRock,A520M-HDV,A520,AM4,Micro-ATX,DDR4,600,In Stock,39
MSI,B550-A PRO,B550,AM4,ATX,DDR4,1300,In Stock,30
Gigabyte,B550 AORUS ELITE V2,B550,AM4,ATX,DDR4,1600,In Stock,16
ASUS,ROG STRIX B550-F GAMING,B550,AM4,ATX,DDR4,2200,In Stock,34
MSI,MAG B550 TOMAHAWK,B550,AM4,ATX,DDR4,1800,In Stock,33
ASUS,TUF GAMING B550-PLUS,B550,AM4,ATX,DDR4,1500,In Stock,17
ASRock,B550 Steel Legend,B550,AM4,ATX,DDR4,1400,In Stock,23
MSI,X570-A PRO,X570,AM4,ATX,DDR4,2000,In Stock,46
Gigabyte,X570 AORUS ELITE,X570,AM4,ATX,DDR4,2400,In Stock,12
ASUS,ROG CROSSHAIR VIII HERO,X570,AM4,ATX,DDR4,4500,Limited Stock,44
MSI,PRO B650M-A WIFI,B650,AM5,Micro-ATX,DDR5,1600,In Stock,40
Gigabyte,B650 AORUS ELITE AX,B650,AM5,ATX,DDR5,2400,In Stock,29
ASUS,TUF GAMING B650-PLUS WIFI,B650,AM5,ATX,DDR5,2800,In Stock,22
MSI,MAG B650 TOMAHAWK WIFI,B650,AM5,ATX,DDR5,2600,In Stock,12
ASRock,B650E Steel Legend,B650E,AM5,ATX,DDR5,2200,In Stock,48
ASUS,TUF GAMING X670E-PLUS,X670E,AM5,ATX,DDR5,3500,Limited Stock,48
Gigabyte,X670E AORUS MASTER,X670E,AM5,ATX,DDR5,5500,Limited Stock,30
ASUS,ROG CROSSHAIR X670E EXTREME,X670E,AM5,E-ATX,DDR5,9000,Limited Stock,50
MSI,MEG X670E ACE,X670E,AM5,E-ATX,DDR5,7500,Limited Stock,6
MSI,PRO H610M-G,H610,LGA1700,Micro-ATX,DDR4/DDR5,900,In Stock,19
Gigabyte,H610M S2H,H610,LGA1700,Micro-ATX,DDR4,750,In Stock,14
ASRock,H610M-HVS,H610,LGA1700,Micro-ATX,DDR4,700,In Stock,36
Gigabyte,B760 GAMING X AX,B760,LGA1700,ATX,DDR5,1800,In Stock,33
MSI,MAG B760 TOMAHAWK WIFI,B760,LGA1700,ATX,DDR5,2200,In Stock,6
ASUS,TUF GAMING B760-PLUS WIFI,B760,LGA1700,ATX,DDR5,2600,In Stock,25
MSI,PRO Z790-A WIFI,Z790,LGA1700,ATX,DDR5,3000,In Stock,5
ASUS,TUF GAMING Z790-PLUS WIFI,Z790,LGA1700,ATX,DDR5,3200,In Stock,18
Gigabyte,Z790 AORUS ELITE AX,Z790,LGA1700,ATX,DDR5,3800,In Stock,27
MSI,MEG Z790 ACE,Z790,LGA1700,E-ATX,DDR5,7000,Limited Stock,15
ASUS,ROG MAXIMUS Z790 APEX,Z790,LGA1700,E-ATX,DDR5,8500,Limited Stock,18
MSI,PRO Z890-A WIFI,Z890,LGA1851,ATX,DDR5,3500,In Stock,17
Gigabyte,Z890 AORUS ELITE AX,Z890,LGA1851,ATX,DDR5,4200,In Stock,41
ASUS,TUF GAMING Z890-PLUS WIFI,Z890,LGA1851,ATX,DDR5,4000,In Stock,24
MSI,MEG Z890 ACE,Z890,LGA1851,E-ATX,DDR5,8000,Limited Stock,28
ASUS,ROG MAXIMUS Z890 EXTREME,Z890,LGA1851,E-ATX,DDR5,12000,Limited Stock,11
